INSERT INTO estudiantes (nombre, correo, fecha_nacimiento) VALUES
('Luis Pérez', 'luis.perez@gmail.com', '2001-04-15'),
('María Gómez', 'maria.gomez@gmail.com', '2002-09-20'),
('Carlos Méndez', 'carlos.mendez@example.com', '2000-05-10'),
('Ana López', 'ana.lopez@example.com', '2001-07-18'),
('Pedro Ruiz', 'pedro.ruiz@example.com', '1999-11-25'),
('Lucía Castillo', 'lucia.castillo@example.com', '2002-02-12'),
('Jorge Ríos', 'jorge.rios@example.com', '2001-09-30'),
('Daniela Salazar', 'daniela.salazar@example.com', '2000-04-03'),
('Marco Díaz', 'marco.diaz@example.com', '1998-12-22'),
('Valeria Torres', 'valeria.torres@example.com', '2003-03-17'),
('Gabriel Soto', 'gabriel.soto@example.com', '2000-06-08'),
('Camila Paredes', 'camila.paredes@example.com', '2002-08-14'),
('Emilio Hernández', 'emilio.hernandez@example.com', '2001-10-01'),
('Fernanda Ramírez', 'fernanda.ramirez@example.com', '2000-01-25'),
('Diego Molina', 'diego.molina@example.com', '2002-05-07'),
('Sofía Navarro', 'sofia.navarro@example.com', '2003-06-21'),
('Ricardo Vargas', 'ricardo.vargas@example.com', '1999-04-19'),
('Natalia Cruz', 'natalia.cruz@example.com', '2001-03-12'),
('Héctor Peña', 'hector.pena@example.com', '2000-09-09'),
('Andrea Méndez', 'andrea.mendez@example.com', '2002-10-23'),
('Francisco Guzmán', 'francisco.guzman@example.com', '2001-12-15'),
('Isabela Herrera', 'isabela.herrera@example.com', '2000-07-01'),
('Julio Navarro', 'julio.navarro@example.com', '1998-11-05'),
('Paola Zamora', 'paola.zamora@example.com', '2003-01-30'),
('Cristian Ortega', 'cristian.ortega@example.com', '2002-04-17'),
('Laura Jiménez', 'laura.jimenez@example.com', '1999-02-13'),
('Tomás Valdez', 'tomas.valdez@example.com', '2001-08-26'),
('Regina Lozano', 'regina.lozano@example.com', '2000-03-09'),
('Esteban Cordero', 'esteban.cordero@example.com', '2003-07-11'),
('Mónica Aguilar', 'monica.aguilar@example.com', '2001-06-04'),
('Oscar Padilla', 'oscar.padilla@example.com', '2002-12-28'),
('Elena Arévalo', 'elena.arevalo@example.com', '1999-10-02'),
('Iván Vázquez', 'ivan.vazquez@example.com', '2000-02-18'),
('Rosa Chávez', 'rosa.chavez@example.com', '2001-05-20'),
('Miguel Castaño', 'miguel.castano@example.com', '2003-11-14'),
('Bianca Fernández', 'bianca.fernandez@example.com', '2002-06-30'),
('Samuel Reyes', 'samuel.reyes@example.com', '2000-01-03'),
('Verónica León', 'veronica.leon@example.com', '2001-08-08'),
('Matías Bravo', 'matias.bravo@example.com', '2003-02-24'),
('Jimena Peña', 'jimena.pena@example.com', '2000-12-12'),
('Axel García', 'axel.garcia@example.com', '2002-07-27'),
('Julia Solís', 'julia.solis@example.com', '2003-09-01'),
('Kevin Beltrán', 'kevin.beltran@example.com', '2001-03-29'),
('Renata Díaz', 'renata.diaz@example.com', '2000-05-06'),
('Adrián Ponce', 'adrian.ponce@example.com', '2002-01-16'),
('Daniela Vega', 'daniela.vega@example.com', '2001-11-03'),
('Mauricio Salinas', 'mauricio.salinas@example.com', '1999-07-19'),
('Vanessa Rivas', 'vanessa.rivas@example.com', '2002-09-28'),
('Andrés Zepeda', 'andres.zepeda@example.com', '2003-03-22'),
('Alejandra Mejía', 'alejandra.mejia@example.com', '2001-10-10'),
('Sebastián Ayala', 'sebastian.ayala@example.com', '2001-01-15'),
('Luciana Navarro', 'luciana.navarro@example.com', '2000-08-22'),
('Rodrigo Pérez', 'rodrigo.perez@example.com', '2002-11-09'),
('Valentina Suárez', 'valentina.suarez@example.com', '2003-04-16'),
('Enrique Ortega', 'enrique.ortega@example.com', '2000-06-27'),
('Gabriela Acosta', 'gabriela.acosta@example.com', '2001-02-05'),
('Alan Medina', 'alan.medina@example.com', '2003-10-07'),
('Mariana Duarte', 'mariana.duarte@example.com', '2002-03-01'),
('Joaquín Ríos', 'joaquin.rios@example.com', '1999-09-11'),
('Isidora Morales', 'isidora.morales@example.com', '2001-12-02'),
('Cristina Sánchez', 'cristina.sanchez@example.com', '2000-05-23'),
('Benjamín Tapia', 'benjamin.tapia@example.com', '2002-01-08'),
('Nicole Cabrera', 'nicole.cabrera@example.com', '2003-06-12'),
('Fabián Núñez', 'fabian.nunez@example.com', '2000-10-30'),
('Martina Herrera', 'martina.herrera@example.com', '2001-04-26'),
('Eduardo Barrios', 'eduardo.barrios@example.com', '2002-07-03'),
('Antonia Castillo', 'antonia.castillo@example.com', '2003-05-19'),
('Leonardo Fuentes', 'leonardo.fuentes@example.com', '2001-06-17'),
('Ángela Ramos', 'angela.ramos@example.com', '1999-03-31'),
('Cristóbal Aguilar', 'cristobal.aguilar@example.com', '2002-10-04'),
('Florencia Cárdenas', 'florencia.cardenas@example.com', '2000-11-27'),
('Maximiliano Torres', 'maximiliano.torres@example.com', '2003-08-10'),
('Josefa Sánchez', 'josefa.sanchez@example.com', '2001-01-21'),
('Damián Romero', 'damian.romero@example.com', '2002-06-05'),
('Agustina Soto', 'agustina.soto@example.com', '2000-09-14'),
('Simón Márquez', 'simon.marquez@example.com', '2003-07-29'),
('Ariana Bravo', 'ariana.bravo@example.com', '2002-12-18'),
('Ignacio Peña', 'ignacio.pena@example.com', '2001-11-06'),
('Luna Cortés', 'luna.cortes@example.com', '1999-08-16'),
('Facundo Ibáñez', 'facundo.ibanez@example.com', '2000-02-28'),
('Emilia Guerrero', 'emilia.guerrero@example.com', '2001-09-25'),
('Bruno Herrera', 'bruno.herrera@example.com', '2002-05-02'),
('Amanda Molina', 'amanda.molina@example.com', '2003-10-13'),
('Renzo Vargas', 'renzo.vargas@example.com', '1999-06-06'),
('Julieta Navarro', 'julieta.navarro@example.com', '2000-04-20'),
('Thiago Silva', 'thiago.silva@example.com', '2001-02-14'),
('Alma Guzmán', 'alma.guzman@example.com', '2002-03-26'),
('Lucio Salazar', 'lucio.salazar@example.com', '2003-01-04'),
('Mía Andrade', 'mia.andrade@example.com', '2000-07-30'),
('Bastián Paredes', 'bastian.paredes@example.com', '2001-05-18'),
('Alicia Montoya', 'alicia.montoya@example.com', '2002-09-03'),
('Elías Araya', 'elias.araya@example.com', '2003-02-06');

INSERT INTO instructores (nombre, correo, especialidad) VALUES
('Ana Torres', 'ana.torres@uni.edu', 'Matemáticas'),
('Carlos Ramírez', 'carlos.ramirez@uni.edu', 'Programación'),
('Marcela Díaz', 'marcela.diaz@uni.edu', 'Física'),
('Tomás Herrera', 'tomas.herrera@uni.edu', 'Química'),
('Lucía Morales', 'lucia.morales@uni.edu', 'Historia'),
('Iván Castillo', 'ivan.castillo@uni.edu', 'Lengua Española'),
('Paula Rivas', 'paula.rivas@uni.edu', 'Ciencias Sociales'),
('Jorge Paredes', 'jorge.paredes@uni.edu', 'Informática'),
('Valeria Soto', 'valeria.soto@uni.edu', 'Estadística'),
('Luis Gutiérrez', 'luis.gutierrez@uni.edu', 'Biología'),
('Andrea Cordero', 'andrea.cordero@uni.edu', 'Contabilidad'),
('Oscar León', 'oscar.leon@uni.edu', 'Educación Física'),
('Jimena Bravo', 'jimena.bravo@uni.edu', 'Psicología'),
('Sebastián Núñez', 'sebastian.nunez@uni.edu', 'Derecho'),
('Martina Ortega', 'martina.ortega@uni.edu', 'Filosofía'),
('Álvaro Salas', 'alvaro.salas@uni.edu', 'Economía'),
('Camila Zepeda', 'camila.zepeda@uni.edu', 'Antropología'),
('Ignacio Valdez', 'ignacio.valdez@uni.edu', 'Educación Ambiental'),
('Sofía Varela', 'sofia.varela@uni.edu', 'Lenguas Extranjeras'),
('Gabriel Mendoza', 'gabriel.mendoza@uni.edu', 'Geografía'),
('Emilia Fuentes', 'emilia.fuentes@uni.edu', 'Música'),
('Damián Suárez', 'damian.suarez@uni.edu', 'Artes Plásticas'),
('Rocío Ríos', 'rocio.rios@uni.edu', 'Ciencias Políticas'),
('Fabián Torres', 'fabian.torres@uni.edu', 'Literatura'),
('Natalia Vargas', 'natalia.vargas@uni.edu', 'Educación Inicial'),
('Pablo Navarro', 'pablo.navarro@uni.edu', 'Robótica'),
('Camilo Reyes', 'camilo.reyes@uni.edu', 'Diseño Gráfico'),
('Florencia Ayala', 'florencia.ayala@uni.edu', 'Arquitectura'),
('Matías Cruz', 'matias.cruz@uni.edu', 'Sociología'),
('Juliana Peña', 'juliana.pena@uni.edu', 'Astronomía'),
('Esteban Chávez', 'esteban.chavez@uni.edu', 'Ingeniería Civil'),
('Claudia Guzmán', 'claudia.guzman@uni.edu', 'Ingeniería Industrial'),
('David Ramírez', 'david.ramirez@uni.edu', 'Ingeniería Mecánica'),
('Renata Tapia', 'renata.tapia@uni.edu', 'Ingeniería Electrónica'),
('Diego Silva', 'diego.silva@uni.edu', 'Medicina'),
('Mónica Rojas', 'monica.rojas@uni.edu', 'Enfermería'),
('Cristóbal Lozano', 'cristobal.lozano@uni.edu', 'Farmacia'),
('Julieta Sandoval', 'julieta.sandoval@uni.edu', 'Veterinaria'),
('Francisco Espinoza', 'francisco.espinoza@uni.edu', 'Odontología'),
('Isabela Aguilar', 'isabela.aguilar@uni.edu', 'Ingeniería Química'),
('Samuel Rivera', 'samuel.rivera@uni.edu', 'Administración'),
('Antonia Castañeda', 'antonia.castaneda@uni.edu', 'Relaciones Públicas'),
('Bastián Araya', 'bastian.araya@uni.edu', 'Mercadotecnia'),
('Josefina Núñez', 'josefina.nunez@uni.edu', 'Publicidad'),
('Felipe Vega', 'felipe.vega@uni.edu', 'Cine y TV'),
('Renzo Bravo', 'renzo.bravo@uni.edu', 'Diseño de Modas'),
('Josefa Salinas', 'josefa.salinas@uni.edu', 'Ingeniería en Sistemas'),
('Thiago Cortés', 'thiago.cortes@uni.edu', 'Ciberseguridad'),
('María Jesús León', 'mariajesus.leon@uni.edu', 'Inteligencia Artificial'),
('Valentín Cifuentes', 'valentin.cifuentes@uni.edu', 'Neurociencia'),
('Camila Barrera', 'camila.barrera@uni.edu', 'Genética'),
('Rodrigo Del Valle', 'rodrigo.delvalle@uni.edu', 'Nanotecnología'),
('Mara Cáceres', 'mara.caceres@uni.edu', 'Educación Especial'),
('Maximiliano Rivera', 'maximiliano.rivera@uni.edu', 'Física Teórica'),
('Lina Serrano', 'lina.serrano@uni.edu', 'Ingeniería Ambiental'),
('Benjamín Lara', 'benjamin.lara@uni.edu', 'Teología'),
('Montserrat Castaño', 'montserrat.castano@uni.edu', 'Ingeniería Biomédica'),
('Raúl Ibáñez', 'raul.ibanez@uni.edu', 'Matemática Aplicada'),
('Josefina Varela', 'josefina.varela@uni.edu', 'Diseño UX/UI'),
('Tomás Escobar', 'tomas.escobar@uni.edu', 'Econometría'),
('Constanza Aguirre', 'constanza.aguirre@uni.edu', 'Historia del Arte'),
('Francisco Valenzuela', 'francisco.valenzuela@uni.edu', 'Pedagogía'),
('Isidora Palma', 'isidora.palma@uni.edu', 'Educación Musical'),
('Emiliano Contreras', 'emiliano.contreras@uni.edu', 'Arquitectura Sostenible'),
('Catalina Ruiz', 'catalina.ruiz@uni.edu', 'Diseño de Videojuegos'),
('Gabriel Carrasco', 'gabriel.carrasco@uni.edu', 'Educación Física Adaptada'),
('Valentina Molina', 'valentina.molina@uni.edu', 'Psicología Infantil'),
('Leonardo Cabrera', 'leonardo.cabrera@uni.edu', 'Desarrollo Web'),
('Ámbar Castillo', 'ambar.castillo@uni.edu', 'Bases de Datos'),
('Martín Duarte', 'martin.duarte@uni.edu', 'Criptografía'),
('Alonso Vargas', 'alonso.vargas@uni.edu', 'Inteligencia Computacional'),
('Josefa Herrera', 'josefa.herrera@uni.edu', 'Big Data'),
('Ignacio Fernández', 'ignacio.fernandez@uni.edu', 'Redes de Computadoras'),
('Catalina Moya', 'catalina.moya@uni.edu', 'Educación para la Salud'),
('Agustín Figueroa', 'agustin.figueroa@uni.edu', 'Innovación Educativa'),
('Florencia Rivera', 'florencia.rivera@uni.edu', 'Terapia Ocupacional'),
('Elena Morales', 'elena.morales@uni.edu', 'Desarrollo Personal'),
('Rafael Méndez', 'rafael.mendez@uni.edu', 'Educación Técnica'),
('Trinidad Guzmán', 'trinidad.guzman@uni.edu', 'Microbiología'),
('Benjamín Vargas', 'benjamin.vargas@uni.edu', 'Geología'),
('Daniela Paredes', 'daniela.paredes@uni.edu', 'Ingeniería de Software'),
('Ignacia Salinas', 'ignacia.salinas@uni.edu', 'Simulación de Sistemas'),
('Agustina Rojas', 'agustina.rojas@uni.edu', 'Diseño Interactivo'),
('Vicente Palma', 'vicente.palma@uni.edu', 'Ingeniería Robótica'),
('Amparo Díaz', 'amparo.diaz@uni.edu', 'Bioinformática'),
('Felipe Castro', 'felipe.castro@uni.edu', 'Diseño Industrial'),
('Mía Valdés', 'mia.valdes@uni.edu', 'Ingeniería Agronómica'),
('Diego Zúñiga', 'diego.zuniga@uni.edu', 'Ingeniería de Datos'),
('Paco Espinoza', 'paco.espinoza@uni.edu', 'Ciencias de los Datos'),
('Isidora Ordonez', 'isidora.ordonez@uni.edu', 'Arquitectura Moderna'),
('Felipe Caballo', 'felipe.caballo@uni.edu', 'Ciencias de la Tierra'),
('Jose Barrios', 'jose.barrios@uni.edu', 'Ciencias de la Computación'),
('Pablo Ordoñez', 'pablo.ordonez@uni.edu', 'Quimica Analítica'),
('Manuel Ulin', 'manuel.ulin@uni.edu', 'Quimica Farmaceutica'),
('Marcos Espinoza', 'marcos.espinoza@uni.edu', 'Ciberseguridad'),
('Jose Espinoza', 'jose.espinoza@uni.edu', 'Cocina Internacional'),
('Jesus Nazaret', 'jesus.nazaret@uni.edu', 'Religion'),
('Cristiano Ronaldo', 'cristiano.ronaldo@uni.edu', 'Deporte y Salud'),
('Antony Brasil', 'antony.brasil@uni.edu', 'Futbol'),
('Isidora Espinoza', 'isidora.espinoza@uni.edu', 'Ciencias del Mar');

INSERT INTO cursos (nombre, descripcion, duracion_horas, id_instructor) VALUES
('Álgebra Básica', 'Curso introductorio a las operaciones algebraicas', 40, 1),
('Programación en Python', 'Curso completo de programación en Python', 60, 2),
('Física General', 'Fundamentos de la física clásica y moderna', 50, 3),
('Química Orgánica', 'Estructura y funciones de compuestos orgánicos', 55, 4),
('Historia Universal', 'Estudio de las civilizaciones antiguas a la contemporánea', 45, 5),
('Lengua Española', 'Ortografía, gramática y redacción', 40, 6),
('Ciencias Sociales', 'Sociología, antropología y política', 35, 7),
('Introducción a la Informática', 'Bases de computación e informática básica', 40, 8),
('Estadística Aplicada', 'Probabilidades y estadística inferencial', 60, 9),
('Biología Humana', 'Sistema humano, células, genética', 50, 10),
('Contabilidad Básica', 'Conceptos y registros contables', 35, 11),
('Educación Física', 'Ejercicio, salud y deporte', 30, 12),
('Psicología General', 'Teorías del comportamiento humano', 45, 13),
('Introducción al Derecho', 'Normas jurídicas y su aplicación', 40, 14),
('Filosofía Clásica', 'Pensadores y teorías fundamentales', 45, 15),
('Economía para principiantes', 'Conceptos económicos básicos', 50, 16),
('Antropología Cultural', 'Estudio del ser humano en su contexto social', 50, 17),
('Educación Ambiental', 'Impacto ambiental y sostenibilidad', 40, 18),
('Inglés Básico', 'Comprensión lectora y conversación simple', 30, 19),
('Geografía Física', 'Estructura terrestre y cartografía', 40, 20),
('Apreciación Musical', 'Elementos de la música y géneros musicales', 30, 21),
('Artes Plásticas', 'Técnicas de pintura, escultura y dibujo', 50, 22),
('Política Comparada', 'Sistemas políticos del mundo', 45, 23),
('Literatura Hispanoamericana', 'Autores y obras clave', 40, 24),
('Didáctica Inicial', 'Metodologías de enseñanza en primera infancia', 30, 25),
('Fundamentos de Robótica', 'Sensores, actuadores y microcontroladores', 60, 26),
('Diseño Gráfico Digital', 'Principios de diseño y software gráfico', 55, 27),
('Arquitectura Contemporánea', 'Corrientes y análisis de estructuras', 50, 28),
('Sociología de la Educación', 'Relación entre sociedad y educación', 40, 29),
('Astronomía Observacional', 'Telescopios y sistema solar', 35, 30),
('Mecánica de Materiales', 'Esfuerzos y deformaciones', 60, 31),
('Procesos Industriales', 'Sistemas de producción y manufactura', 60, 32),
('Termodinámica', 'Leyes y sistemas térmicos', 55, 33),
('Electrónica Básica', 'Circuitos, componentes y leyes de Ohm', 45, 34),
('Anatomía Humana', 'Órganos y sistemas del cuerpo', 50, 35),
('Primeros Auxilios', 'Intervención en situaciones de emergencia', 30, 36),
('Farmacología General', 'Clasificación y uso de medicamentos', 45, 37),
('Terapia Veterinaria', 'Cuidado de animales domésticos', 40, 38),
('Odontología Preventiva', 'Salud oral y tratamientos básicos', 50, 39),
('Ingeniería Química', 'Reactores, balances de masa y energía', 60, 40),
('Gestión Administrativa', 'Organización y procesos internos', 45, 41),
('Relaciones Públicas', 'Comunicación institucional y eventos', 40, 42),
('Marketing Digital', 'Estrategias, redes y métricas', 60, 43),
('Publicidad Creativa', 'Copywriting y campañas visuales', 55, 44),
('Cine y Medios Audiovisuales', 'Guión, dirección y edición', 50, 45),
('Diseño de Moda', 'Patronaje y estilismo', 60, 46),
('Fundamentos de Sistemas', 'Modelado, componentes y arquitectura', 45, 47),
('Seguridad Informática', 'Ciberseguridad y protocolos', 50, 48),
('Machine Learning', 'Redes neuronales y clasificación', 60, 49),
('Neurociencia Cognitiva', 'Procesos mentales y cerebrales', 55, 50),
('Biología Molecular', 'ADN, ARN, proteínas', 50, 51),
('Nanotecnología', 'Materiales y procesos a nanoescala', 60, 52),
('Didáctica Inclusiva', 'Adaptación y accesibilidad educativa', 40, 53),
('Física Cuántica', 'Principios, experimentos y ecuaciones', 55, 54),
('Sistemas Ecológicos', 'Dinámicas y biodiversidad', 45, 55),
('Religión y Sociedad', 'Influencia de las religiones', 35, 56),
('Ingeniería Biomédica', 'Prótesis, diagnósticos y bioinstrumentación', 60, 57),
('Matemática Aplicada', 'Modelos y resolución de problemas reales', 50, 58),
('UX/UI Design', 'Diseño centrado en el usuario', 50, 59),
('Econometría', 'Modelos estadísticos aplicados a la economía', 55, 60),
('Historia del Arte', 'Movimientos artísticos y análisis visual', 45, 61),
('Pedagogía Crítica', 'Educación como transformación social', 40, 62),
('Educación Musical', 'Teoría y práctica musical', 30, 63),
('Diseño Sustentable', 'Eficiencia energética y materiales ecológicos', 60, 64),
('Desarrollo de Videojuegos', 'Motores gráficos y scripting', 60, 65),
('Actividad Física Adaptada', 'Inclusión en el deporte', 40, 66),
('Psicología Infantil', 'Desarrollo y comportamiento', 45, 67),
('Desarrollo Frontend', 'HTML, CSS, JS, frameworks', 60, 68),
('Bases de Datos Relacionales', 'Modelo entidad-relación y SQL', 60, 69),
('Criptografía y Seguridad', 'Cifrado, claves y certificados', 55, 70),
('Redes y Conectividad', 'Topologías, protocolos y routers', 50, 71),
('Salud y Bienestar', 'Hábitos y calidad de vida', 35, 72),
('Innovación Educativa', 'TICs en el aula y gamificación', 50, 73),
('Terapia Ocupacional', 'Intervención y recuperación funcional', 45, 74),
('Desarrollo Personal', 'Autoconocimiento y liderazgo', 40, 75),
('Formación Técnica', 'Enseñanza práctica y especializada', 60, 76),
('Microbiología Clínica', 'Bacterias, virus y laboratorios', 55, 77),
('Geología Ambiental', 'Erosión, suelos y geodinámica', 50, 78),
('Programación Orientada a Objetos', 'POO en distintos lenguajes', 60, 79),
('Simulación de Procesos', 'Modelado, simulación y resultados', 55, 80),
('Diseño Interactivo', 'Interfaces intuitivas y usabilidad', 50, 81),
('Robótica Autónoma', 'IA en movimiento', 60, 82),
('Bioinformática', 'Genómica computacional', 60, 83),
('Diseño Industrial', 'Funcionalidad y estética', 60, 84),
('Agronomía Sostenible', 'Cultivos, suelo y recursos hídricos', 55, 85),
('Ingeniería de Datos', 'ETL, pipelines, big data', 60, 86),
('Ciencias Marinas', 'Océanos, fauna marina y ecosistemas', 50, 87),
('Didáctica en Línea', 'Educación digital y plataformas', 45, 88),
('Ingeniería Mecatrónica', 'Fusión de mecánica, electrónica y software', 60, 89),
('Análisis de Datos', 'Estadística, visualización y reporting', 60, 90),
('Realidad Aumentada', 'ARKit, Vuforia y experiencias inmersivas', 50, 91),
('Lenguaje de Señas', 'Comunicación accesible', 30, 92),
('Metodología de Investigación', 'Diseños, hipótesis y variables', 45, 93),
('Producción Multimedia', 'Audio, video, edición digital', 50, 94),
('Pedagogía Intercultural', 'Diversidad y educación inclusiva', 40, 95),
('Blockchain para Principiantes', 'Conceptos y aplicaciones', 55, 96),
('Diseño de Experiencia de Usuario', 'Investigación y pruebas de usabilidad', 50, 97),
('Sistemas Distribuidos', 'Concurrencia, escalabilidad y redes', 60, 98),
('Computación Cuántica', 'Qubits, algoritmos y simulación', 60, 99),
('Desarrollo Backend', 'APIs, servidores, bases de datos', 60, 100);

INSERT INTO inscripciones (id_estudiante, id_curso, fecha_inscripcion) VALUES
(1, 5, '2024-01-10'),
(2, 8, '2024-01-12'),
(3, 15, '2024-01-15'),
(4, 22, '2024-01-18'),
(5, 33, '2024-01-20'),
(6, 45, '2024-01-22'),
(7, 60, '2024-01-25'),
(8, 72, '2024-01-28'),
(9, 10, '2024-01-30'),
(10, 3, '2024-02-01'),
(11, 17, '2024-02-03'),
(12, 39, '2024-02-05'),
(13, 50, '2024-02-07'),
(14, 58, '2024-02-10'),
(15, 62, '2024-02-12'),
(16, 74, '2024-02-14'),
(17, 80, '2024-02-16'),
(18, 86, '2024-02-18'),
(19, 90, '2024-02-20'),
(20, 95, '2024-02-22'),
(21, 100, '2024-02-24'),
(22, 77, '2024-02-26'),
(23, 67, '2024-02-28'),
(24, 53, '2024-03-01'),
(25, 41, '2024-03-03'),
(26, 29, '2024-03-05'),
(27, 19, '2024-03-07'),
(28, 7, '2024-03-09'),
(29, 2, '2024-03-11'),
(30, 14, '2024-03-13'),
(31, 21, '2024-03-15'),
(32, 34, '2024-03-17'),
(33, 48, '2024-03-19'),
(34, 56, '2024-03-21'),
(35, 63, '2024-03-23'),
(36, 69, '2024-03-25'),
(37, 73, '2024-03-27'),
(38, 82, '2024-03-29'),
(39, 87, '2024-03-31'),
(40, 92, '2024-04-02'),
(41, 96, '2024-04-04'),
(42, 89, '2024-04-06'),
(43, 79, '2024-04-08'),
(44, 64, '2024-04-10'),
(45, 52, '2024-04-12'),
(46, 36, '2024-04-14'),
(47, 26, '2024-04-16'),
(48, 13, '2024-04-18'),
(49, 6, '2024-04-20'),
(50, 1, '2024-04-22');

INSERT INTO progreso (id_inscripcion, porcentaje_completado, calificacion_final, fecha_actualizacion) VALUES
(1, 80, 85, '2024-05-01'),
(2, 65, 78, '2024-05-02'),
(3, 90, 92, '2024-05-03'),
(4, 75, 80, '2024-05-04'),
(5, 60, 70, '2024-05-05'),
(6, 85, 88, '2024-05-06'),
(7, 55, 60, '2024-05-07'),
(8, 95, 98, '2024-05-08'),
(9, 70, 75, '2024-05-09'),
(10, 50, 58, '2024-05-10'),
(11, 88, 90, '2024-05-11'),
(12, 77, 84, '2024-05-12'),
(13, 62, 68, '2024-05-13'),
(14, 91, 95, '2024-05-14'),
(15, 66, 72, '2024-05-15'),
(16, 78, 85, '2024-05-16'),
(17, 81, 86, '2024-05-17'),
(18, 59, 63, '2024-05-18'),
(19, 87, 90, '2024-05-19'),
(20, 69, 74, '2024-05-20'),
(21, 73, 78, '2024-05-21'),
(22, 68, 70, '2024-05-22'),
(23, 92, 94, '2024-05-23'),
(24, 79, 82, '2024-05-24'),
(25, 83, 88, '2024-05-25'),
(26, 71, 76, '2024-05-26'),
(27, 67, 73, '2024-05-27'),
(28, 74, 79, '2024-05-28'),
(29, 63, 68, '2024-05-29'),
(30, 84, 89, '2024-05-30'),
(31, 58, 64, '2024-05-31'),
(32, 76, 81, '2024-06-01'),
(33, 64, 69, '2024-06-02'),
(34, 82, 86, '2024-06-03'),
(35, 86, 87, '2024-06-04'),
(36, 61, 67, '2024-06-05'),
(37, 93, 96, '2024-06-06'),
(38, 72, 77, '2024-06-07'),
(39, 57, 62, '2024-06-08'),
(40, 89, 91, '2024-06-09'),
(41, 56, 61, '2024-06-10'),
(42, 94, 97, '2024-06-11'),
(43, 96, 99, '2024-06-12'),
(44, 53, 59, '2024-06-13'),
(45, 54, 60, '2024-06-14'),
(46, 99, 100, '2024-06-15'),
(47, 52, 57, '2024-06-16'),
(48, 98, 99, '2024-06-17'),
(49, 51, 56, '2024-06-18'),
(50, 100, 100, '2024-06-19');

INSERT INTO lecciones (id_curso, titulo, contenido) VALUES
(1, 'Variables y constantes', 'Uso y definición de variables y constantes.'),
(2, 'Estructuras de control', 'If, else, switch, bucles.'),
(3, 'Funciones', 'Creación y uso de funciones.'),
(4, 'Vectores y matrices', 'Declaración y manipulación.'),
(5, 'POO', 'Conceptos básicos de programación orientada a objetos.'),
(6, 'HTML básico', 'Etiquetas, estructuras y atributos.'),
(7, 'CSS', 'Selectores, propiedades y diseño.'),
(8, 'SQL básico', 'Consultas SELECT, WHERE, JOIN.'),
(9, 'JSON y APIs', 'Intercambio de datos entre sistemas.'),
(10, 'JavaScript inicial', 'Variables, funciones y eventos.'),
(11, 'DOM', 'Manipulación dinámica del HTML.'),
(12, 'Bootstrap', 'Componentes y diseño responsivo.'),
(13, 'Python básico', 'Sintaxis, tipos de datos, estructuras.'),
(14, 'Manejo de errores', 'Try-catch y manejo de excepciones.'),
(15, 'Testing', 'Unit testing, test-driven development.'),
(16, 'React', 'Componentes, props y estado.'),
(17, 'Redux', 'Gestión de estado global.'),
(18, 'Node.js', 'Servidor básico y módulos.'),
(19, 'Express', 'Rutas y controladores.'),
(20, 'MongoDB', 'Bases de datos NoSQL.');

INSERT INTO evaluaciones (id_leccion, titulo, puntaje_maximo) VALUES
(1, 'Evaluación Variables', 100),
(2, 'Evaluación Control', 100),
(3, 'Evaluación Funciones', 100),
(4, 'Evaluación Arreglos', 100),
(5, 'Evaluación POO', 100),
(6, 'Evaluación HTML', 100),
(7, 'Evaluación CSS', 100),
(8, 'Evaluación SQL', 100),
(9, 'Evaluación JS', 100),
(10, 'Evaluación React', 100);

INSERT INTO entregas (id_evaluacion, id_estudiante, fecha_entrega, puntaje_obtenido) VALUES
(1, 1, '2024-05-01', 85),
(2, 2, '2024-05-02', 78),
(3, 3, '2024-05-03', 92),
(4, 4, '2024-05-04', 80),
(5, 5, '2024-05-05', 70),
(6, 6, '2024-05-06', 88),
(7, 7, '2024-05-07', 60),
(8, 8, '2024-05-08', 98),
(9, 9, '2024-05-09', 75),
(10, 10, '2024-05-10', 58),
(1, 11, '2024-05-11', 90),
(2, 12, '2024-05-12', 84),
(3, 13, '2024-05-13', 68),
(4, 14, '2024-05-14', 95),
(5, 15, '2024-05-15', 72),
(6, 16, '2024-05-16', 85),
(7, 17, '2024-05-17', 86),
(8, 18, '2024-05-18', 63),
(9, 19, '2024-05-19', 90),
(10, 20, '2024-05-20', 74);

INSERT INTO categorias_curso (nombre_categoria, descripcion) VALUES
('Matemáticas', 'Cursos sobre álgebra, cálculo y estadística'),
('Programación', 'Lenguajes, estructuras de datos y algoritmos'),
('Ciencias', 'Física, química y biología general'),
('Historia', 'Historia universal y regional'),
('Arte y Cultura', 'Literatura, arte y apreciación musical'),
('Tecnología', 'Informática, redes, bases de datos'),
('Idiomas', 'Cursos de lenguas extranjeras y lingüística'),
('Salud', 'Medicina, nutrición y primeros auxilios'),
('Negocios', 'Administración, contabilidad y marketing'),
('Ingeniería', 'Ingeniería mecánica, civil, eléctrica y afines'),
('Arquitectura', 'Diseño arquitectónico y urbanismo'),
('Educación', 'Pedagogía, didáctica y formación docente'),
('Psicología', 'Teorías y aplicaciones psicológicas'),
('Derecho', 'Normas legales, jurisprudencia y ética'),
('Economía', 'Microeconomía, macroeconomía y mercados'),
('Filosofía', 'Corrientes filosóficas y pensamiento crítico'),
('Astronomía', 'Estudio del universo y cuerpos celestes'),
('Ecología', 'Conservación ambiental y sostenibilidad'),
('Antropología', 'Cultura, sociedad y evolución humana'),
('Sociología', 'Estudio del comportamiento social'),
('Contabilidad', 'Registros contables y análisis financiero'),
('Finanzas', 'Inversiones, riesgos y planificación'),
('Mercadeo', 'Investigación de mercado y estrategias'),
('Publicidad', 'Creatividad publicitaria y medios'),
('Cine', 'Producción, guión y dirección cinematográfica'),
('Música', 'Teoría musical, composición e instrumentos'),
('Fotografía', 'Técnicas fotográficas y edición digital'),
('Diseño', 'Diseño gráfico, industrial e interactivo'),
('Redes', 'Protocolos, infraestructura y ciberseguridad'),
('Base de Datos', 'Modelado, SQL y NoSQL'),
('Robótica', 'Sistemas autónomos y mecatrónica'),
('Videojuegos', 'Diseño y desarrollo de videojuegos'),
('IA', 'Inteligencia artificial y aprendizaje automático'),
('Machine Learning', 'Modelos supervisados y no supervisados'),
('Deep Learning', 'Redes neuronales profundas'),
('Bioinformática', 'Análisis computacional de datos biológicos'),
('Genética', 'ADN, herencia y biotecnología'),
('Medicina', 'Salud general y clínica'),
('Farmacia', 'Fármacos y su administración'),
('Veterinaria', 'Cuidado de animales'),
('Enfermería', 'Atención clínica y cuidados básicos'),
('Odontología', 'Cuidado bucal y prevención'),
('Nutrición', 'Alimentación saludable y dietética'),
('Educación Física', 'Deporte, actividad y salud'),
('Física', 'Mecánica, ondas y electricidad'),
('Química', 'Elementos, reacciones y laboratorio'),
('Biología', 'Seres vivos y ecosistemas'),
('Terapia Ocupacional', 'Rehabilitación funcional'),
('Ingeniería de Software', 'Desarrollo y mantenimiento de sistemas'),
('Desarrollo Web', 'Frontend, backend y fullstack'),
('Seguridad Informática', 'Protección de datos y sistemas'),
('Administración', 'Gestión organizacional y liderazgo'),
('Recursos Humanos', 'Selección, capacitación y clima laboral'),
('Logística', 'Transporte, distribución y cadena de suministro'),
('Educación Especial', 'Enseñanza inclusiva y adaptada'),
('Microbiología', 'Bacterias, virus y su estudio'),
('Geología', 'Rocas, suelos y procesos geológicos'),
('Lingüística', 'Estructura y evolución del lenguaje'),
('Paleontología', 'Fósiles y evolución biológica'),
('Meteorología', 'Clima y pronóstico del tiempo'),
('Neurociencia', 'Cerebro y funciones cognitivas'),
('Optometría', 'Salud visual y corrección'),
('Ciencias del Mar', 'Oceanografía y biología marina'),
('Zoología', 'Fauna y comportamiento animal'),
('Botánica', 'Plantas y su clasificación'),
('Agronomía', 'Cultivos y gestión agrícola'),
('Ingeniería Biomédica', 'Dispositivos y tecnologías médicas'),
('Pedagogía', 'Teoría y práctica educativa'),
('Didáctica', 'Métodos y estrategias de enseñanza'),
('Realidad Virtual', 'Simulación y entornos inmersivos'),
('Realidad Aumentada', 'Interacción digital sobre el entorno'),
('Diseño de Experiencia', 'UX, UI y accesibilidad'),
('Blockchain', 'Tecnología de cadena de bloques'),
('Big Data', 'Análisis de datos masivos'),
('Simulación', 'Modelos dinámicos y digitales'),
('Metodología', 'Diseño y análisis de investigación'),
('Educación Digital', 'Plataformas y herramientas online'),
('Gestión de Proyectos', 'Planificación y ejecución'),
('Ingeniería Electrónica', 'Circuitos y dispositivos eléctricos'),
('Electrotecnia', 'Estudio de fenómenos eléctricos'),
('Automatización', 'Control y procesos automáticos'),
('Nanotecnología', 'Materiales a escala nanométrica'),
('Química Orgánica', 'Moléculas y reacciones del carbono'),
('Química Inorgánica', 'Compuestos no carbonados'),
('Anatomía', 'Estructura del cuerpo humano'),
('Fisiología', 'Funciones corporales'),
('Terapia Física', 'Rehabilitación motora'),
('Criminología', 'Estudio del crimen y su prevención'),
('Psicopedagogía', 'Aprendizaje y desarrollo cognitivo'),
('Gestión Ambiental', 'Sustentabilidad y legislación ambiental'),
('Bioética', 'Ética en biomedicina'),
('Cultura Digital', 'Tecnología y sociedad actual'),
('Ciberseguridad', 'Protección frente a amenazas digitales'),
('Arquitectura Sostenible', 'Diseño eficiente y ecológico'),
('Programación Funcional', 'Paradigma declarativo y matemático'),
('Técnicas de Investigación', 'Diseño experimental y recolección'),
('Literatura Universal', 'Obras clásicas e internacionales'),
('Gramática Española', 'Normas y estructura del idioma');

INSERT INTO curso_categoria (id_curso, id_categoria) VALUES
(1, 1), (2, 2), (3, 3), (4, 3), (5, 4), (6, 7), (7, 5), (8, 2), (9, 6), (10, 2),
(11, 9), (12, 8), (13, 2), (14, 2), (15, 2), (16, 6), (17, 6), (18, 6), (19, 6), (20, 6);

INSERT INTO intereses_estudiante (id_estudiante, interes) VALUES
(1, 'Programación, IA'),
(2, 'Arte, Literatura'),
(3, 'Matemáticas, Física'),
(4, 'Biología, Química'),
(5, 'Historia, Filosofía'),
(6, 'Diseño Gráfico, UX'),
(7, 'Redes, Infraestructura'),
(8, 'Educación, Psicología'),
(9, 'Robótica, Electrónica'),
(10, 'Videojuegos, Multimedia'),
(11, 'Ingeniería Civil, Construcción'),
(12, 'Contabilidad, Finanzas'),
(13, 'Cine, Producción'),
(14, 'Astronomía, Espacio'),
(15, 'Ciberseguridad, Hacking ético'),
(16, 'Bases de Datos, SQL'),
(17, 'Arquitectura, Urbanismo'),
(18, 'Educación Física, Deporte'),
(19, 'Derecho, Ciencias Políticas'),
(20, 'Medicina, Genética');
